Metric,Score
Accuracy,0.9042857142857142
Precision,0.9177416046776949
Recall,0.9042857142857142
F1 Score,0.8975342874245267
